t_s,avail_GiB,committed_GiB,gpu_dedicated_GiB,gpu_shared_GiB,srv_ws_GiB,srv_private_GiB,modified_GiB,standby_GiB,free_zero_GiB,nonpaged_GiB
1.1,10.300,21.856,0.831,0.073,0.129,0.113,0.087,7.513,2.787,3.497
2.1,10.351,21.946,0.842,0.074,0.076,0.179,0.086,7.387,2.964,3.497
3.2,10.206,44.276,22.168,0.074,0.138,22.285,0.087,6.981,3.225,3.497
4.2,9.461,74.746,52.544,0.642,0.705,52.565,0.087,6.989,2.472,3.499
5.2,9.461,74.746,52.544,0.642,0.705,52.565,0.087,6.989,2.472,3.499
6.2,9.461,74.747,52.544,0.642,0.705,52.565,0.087,6.989,2.473,3.499
7.2,9.461,74.742,52.544,0.641,0.705,52.560,0.087,6.989,2.473,3.499
8.2,9.463,74.739,52.544,0.641,0.705,52.560,0.087,6.989,2.474,3.499
9.2,9.462,74.753,52.544,0.641,0.705,52.560,0.087,6.989,2.473,3.499
10.2,9.463,74.754,52.544,0.641,0.705,52.560,0.087,6.989,2.473,3.498
11.2,9.463,74.754,52.544,0.641,0.705,52.560,0.087,6.989,2.474,3.498
12.3,9.463,74.754,52.544,0.641,0.705,52.560,0.087,6.989,2.474,3.498
13.3,9.463,74.753,52.544,0.641,0.705,52.560,0.087,6.989,2.474,3.498
14.3,9.441,76.352,53.345,0.413,0.726,54.156,0.087,6.990,2.450,3.498
15.3,9.346,76.445,53.345,0.417,0.818,54.249,0.088,6.977,2.368,3.498
16.3,9.044,80.543,56.659,0.766,1.098,58.324,0.088,6.977,2.067,3.500
17.3,8.905,80.817,56.797,0.845,1.205,58.556,0.087,6.972,1.933,3.502
18.3,8.835,80.876,56.786,0.847,1.292,58.643,0.087,6.975,1.859,3.501
19.4,8.971,80.857,56.922,0.850,1.138,58.614,0.087,6.969,2.002,3.502
20.4,8.971,80.859,56.922,0.850,1.139,58.613,0.088,6.972,2.000,3.501
21.4,8.970,80.857,56.922,0.850,1.140,58.614,0.099,6.972,1.998,3.500
22.4,8.974,80.851,56.922,0.850,1.141,58.614,0.099,6.972,2.003,3.500
23.4,8.972,80.865,56.922,0.850,1.141,58.613,0.099,6.972,2.000,3.500
24.4,8.983,80.852,56.922,0.850,1.142,58.613,0.099,6.972,2.011,3.500
25.4,9.057,80.775,56.922,0.850,1.065,58.536,0.099,6.972,2.085,3.500
26.4,9.074,80.748,56.911,0.850,1.066,58.536,0.099,6.976,2.098,3.500
27.4,9.034,80.953,57.083,0.858,1.079,58.704,0.096,6.969,2.065,3.510
28.4,8.909,81.171,57.210,0.858,1.092,58.842,0.096,6.978,1.931,3.565
29.4,8.950,81.100,57.223,0.858,1.123,58.858,0.096,6.971,1.979,3.502
30.4,8.950,81.100,57.223,0.858,1.123,58.858,0.091,6.972,1.979,3.501
31.4,8.882,81.287,57.358,0.858,1.189,59.044,0.090,6.972,1.910,3.501
32.4,8.899,81.265,57.358,0.858,1.174,59.025,0.090,6.972,1.927,3.501
33.5,8.898,81.251,57.358,0.858,1.175,59.025,0.090,6.972,1.926,3.501
34.5,8.897,81.249,57.358,0.858,1.176,59.024,0.090,6.972,1.926,3.501
35.5,8.895,81.249,57.358,0.858,1.177,59.024,0.090,6.971,1.924,3.501
36.5,8.894,81.249,57.358,0.858,1.178,59.024,0.090,6.972,1.923,3.501
37.5,8.893,81.248,57.358,0.858,1.179,59.024,0.090,6.972,1.921,3.501
38.5,8.892,81.264,57.358,0.858,1.179,59.024,0.090,6.974,1.919,3.501
39.5,8.884,81.551,57.642,0.858,1.179,59.307,0.090,6.973,1.911,3.502
40.5,8.885,81.549,57.642,0.858,1.179,59.307,0.090,6.973,1.912,3.501
41.6,8.886,81.550,57.642,0.858,1.179,59.307,0.090,6.974,1.912,3.501
42.6,8.886,81.549,57.642,0.858,1.179,59.307,0.090,6.973,1.913,3.501
43.6,8.887,81.550,57.642,0.858,1.179,59.307,0.090,6.974,1.913,3.501
44.6,8.886,81.552,57.642,0.858,1.179,59.307,0.090,6.974,1.912,3.501
45.6,8.889,81.547,57.642,0.858,1.179,59.307,0.090,6.973,1.916,3.501
46.6,8.905,81.520,57.631,0.858,1.179,59.307,0.091,6.977,1.928,3.501
47.6,8.886,81.549,57.483,0.858,1.177,59.305,0.090,6.973,1.914,3.502
48.6,8.884,81.537,57.609,0.858,1.180,59.308,0.090,6.973,1.912,3.501
49.6,8.885,81.536,57.609,0.858,1.180,59.308,0.090,6.973,1.912,3.501
50.7,8.884,81.536,57.609,0.858,1.180,59.307,0.090,6.973,1.911,3.501
51.7,8.884,81.662,57.735,0.858,1.180,59.431,0.090,6.973,1.911,3.502
52.7,8.884,81.675,57.735,0.858,1.180,59.431,0.090,6.973,1.911,3.502
53.7,8.884,81.675,57.735,0.858,1.180,59.431,0.090,6.973,1.911,3.501
54.7,8.882,81.676,57.735,0.858,1.180,59.430,0.090,6.973,1.909,3.501
55.7,8.882,81.676,57.735,0.858,1.180,59.430,0.090,6.973,1.909,3.501
56.7,8.884,81.675,57.735,0.858,1.180,59.430,0.090,6.974,1.910,3.501
57.7,8.883,81.675,57.735,0.858,1.180,59.430,0.090,6.973,1.910,3.501
58.8,8.901,81.649,57.724,0.858,1.180,59.430,0.091,6.977,1.924,3.501
59.8,8.867,81.851,57.896,0.867,1.191,59.600,0.090,6.972,1.895,3.506
60.8,8.858,82.107,58.147,0.868,1.197,59.855,0.090,6.972,1.887,3.506
61.8,8.856,82.105,58.147,0.868,1.199,59.856,0.090,6.972,1.884,3.502
62.8,8.836,82.091,58.147,0.868,1.201,59.856,0.090,6.957,1.879,3.503
63.8,8.850,82.094,58.147,0.868,1.202,59.856,0.090,6.974,1.876,3.502
64.8,8.849,82.094,58.147,0.868,1.202,59.856,0.090,6.976,1.873,3.502
65.8,8.848,82.094,58.147,0.868,1.203,59.856,0.090,6.980,1.867,3.502
66.8,8.843,82.098,58.147,0.868,1.205,59.856,0.090,6.981,1.862,3.502
67.9,8.838,82.100,58.147,0.868,1.205,59.856,0.090,6.981,1.857,3.502
68.9,8.835,82.115,58.147,0.868,1.207,59.856,0.090,6.986,1.849,3.502
69.9,8.835,82.114,58.147,0.868,1.207,59.856,0.090,6.990,1.845,3.501
70.9,8.834,82.115,58.147,0.868,1.208,59.856,0.090,6.991,1.843,3.501
71.9,8.833,82.114,58.147,0.868,1.209,59.856,0.090,6.993,1.840,3.502
72.9,8.834,82.114,58.147,0.868,1.210,59.856,0.090,6.996,1.838,3.501
73.9,8.833,82.114,58.147,0.868,1.210,59.856,0.090,6.996,1.837,3.501
74.9,8.827,82.118,58.147,0.868,1.211,59.856,0.090,6.997,1.830,3.501
75.9,8.826,82.119,58.147,0.868,1.212,59.856,0.090,7.000,1.827,3.502
77.0,8.824,82.121,58.147,0.868,1.213,59.856,0.090,7.001,1.823,3.502
78.0,8.823,82.121,58.147,0.868,1.213,59.856,0.090,7.006,1.817,3.502
79.0,8.821,82.107,58.147,0.868,1.214,59.856,0.090,7.006,1.815,3.501
80.0,8.820,82.106,58.147,0.868,1.216,59.856,0.090,7.007,1.813,3.501
81.0,8.817,82.104,58.147,0.868,1.217,59.856,0.090,7.009,1.809,3.501
82.0,8.816,82.104,58.147,0.868,1.218,59.856,0.099,7.009,1.807,3.502
83.0,8.814,82.120,58.147,0.868,1.219,59.856,0.099,7.011,1.803,3.502
84.0,8.816,82.112,58.147,0.868,1.220,59.856,0.099,7.012,1.804,3.502
85.0,8.817,82.112,58.147,0.868,1.221,59.856,0.099,7.015,1.802,3.501
86.0,8.817,82.112,58.147,0.868,1.222,59.856,0.099,7.017,1.800,3.501
87.1,8.816,82.111,58.147,0.868,1.223,59.856,0.099,7.018,1.798,3.501
88.1,8.815,82.110,58.147,0.868,1.224,59.856,0.099,7.020,1.795,3.501
89.1,8.814,82.110,58.147,0.868,1.225,59.856,0.099,7.024,1.790,3.501
90.1,8.813,82.110,58.147,0.868,1.225,59.856,0.099,7.028,1.785,3.501
91.1,8.809,82.114,58.147,0.868,1.226,59.856,0.091,7.029,1.781,3.501
92.1,8.804,82.114,58.147,0.868,1.227,59.856,0.091,7.030,1.774,3.501
93.1,8.783,82.121,58.148,0.868,1.228,59.856,0.087,7.033,1.750,3.506
94.1,8.795,82.106,58.148,0.868,1.229,59.856,0.087,7.035,1.760,3.503
95.2,8.797,82.104,58.148,0.868,1.230,59.856,0.087,7.041,1.756,3.501
96.2,8.793,82.107,58.148,0.868,1.231,59.856,0.087,7.045,1.749,3.501
97.2,8.792,82.107,58.148,0.868,1.232,59.856,0.087,7.047,1.745,3.501
98.2,8.792,82.107,58.148,0.868,1.232,59.856,0.087,7.050,1.742,3.501
99.2,8.792,82.121,58.148,0.868,1.233,59.856,0.087,7.051,1.741,3.501
100.2,8.787,82.125,58.148,0.868,1.234,59.856,0.087,7.052,1.734,3.501
101.2,8.789,82.122,58.148,0.868,1.235,59.856,0.087,7.054,1.735,3.501
102.2,8.804,82.095,58.137,0.868,1.236,59.856,0.087,7.060,1.743,3.501
103.2,8.803,82.107,58.148,0.868,1.236,59.856,0.087,7.059,1.743,3.502
104.2,8.784,82.409,58.432,0.868,1.239,60.139,0.086,7.054,1.730,3.509
105.3,8.783,82.529,58.557,0.868,1.240,60.265,0.086,7.055,1.728,3.502
106.3,8.783,82.530,58.557,0.868,1.240,60.266,0.086,7.056,1.727,3.502
107.3,8.783,82.529,58.557,0.868,1.240,60.266,0.086,7.056,1.727,3.502
108.3,8.783,82.529,58.557,0.868,1.240,60.266,0.086,7.056,1.727,3.502
109.3,8.782,82.516,58.557,0.868,1.241,60.266,0.086,7.056,1.725,3.502
110.3,8.781,82.516,58.557,0.868,1.241,60.266,0.086,7.058,1.724,3.502
111.3,8.780,82.516,58.557,0.868,1.243,60.266,0.086,7.059,1.720,3.502
112.3,8.779,82.518,58.557,0.868,1.244,60.266,0.086,7.060,1.719,3.502
113.3,8.777,82.532,58.557,0.868,1.245,60.266,0.086,7.062,1.715,3.502
114.3,8.773,82.535,58.557,0.868,1.245,60.266,0.086,7.064,1.710,3.501
115.4,8.772,82.535,58.557,0.868,1.247,60.266,0.086,7.064,1.708,3.501
116.4,8.772,82.535,58.557,0.868,1.248,60.266,0.086,7.065,1.707,3.502
117.4,8.772,82.533,58.557,0.868,1.248,60.266,0.086,7.067,1.705,3.502
118.4,8.765,82.538,58.557,0.868,1.249,60.266,0.086,7.067,1.699,3.502
119.4,8.765,82.538,58.557,0.868,1.249,60.266,0.086,7.066,1.698,3.502
120.4,8.764,82.537,58.557,0.868,1.250,60.266,0.086,7.068,1.696,3.502
121.4,8.759,82.542,58.557,0.868,1.252,60.266,0.086,7.068,1.691,3.502
122.4,8.746,82.541,58.557,0.868,1.253,60.266,0.087,7.058,1.688,3.503
123.4,8.731,82.527,58.557,0.868,1.254,60.266,0.087,7.044,1.687,3.502
124.4,8.755,82.526,58.557,0.868,1.255,60.266,0.086,7.068,1.687,3.502
125.4,8.755,82.525,58.557,0.868,1.256,60.266,0.086,7.069,1.686,3.502
126.5,8.754,82.525,58.557,0.868,1.257,60.266,0.086,7.069,1.685,3.502
127.5,8.753,82.526,58.557,0.868,1.257,60.266,0.086,7.069,1.684,3.502
128.5,8.753,82.525,58.557,0.868,1.258,60.266,0.086,7.071,1.682,3.501
129.5,8.751,82.540,58.557,0.868,1.259,60.266,0.086,7.073,1.678,3.501
130.5,8.751,82.540,58.557,0.868,1.259,60.266,0.086,7.075,1.676,3.501
131.5,8.750,82.541,58.557,0.868,1.260,60.266,0.086,7.077,1.673,3.502
132.5,8.749,82.541,58.557,0.868,1.261,60.266,0.086,7.079,1.670,3.501
133.6,8.748,82.540,58.557,0.868,1.261,60.266,0.086,7.079,1.669,3.501
134.6,8.763,82.513,58.546,0.868,1.261,60.265,0.086,7.083,1.680,3.501
135.6,8.741,82.700,58.714,0.868,1.258,60.421,0.086,7.076,1.665,3.502
136.6,8.742,82.836,58.841,0.868,1.264,60.548,0.086,7.078,1.664,3.512
137.6,8.738,82.953,58.967,0.868,1.266,60.675,0.086,7.078,1.660,3.503
138.6,8.737,82.940,58.967,0.868,1.266,60.675,0.086,7.079,1.658,3.503
139.6,8.736,82.940,58.967,0.868,1.267,60.675,0.086,7.080,1.656,3.502
140.6,8.735,82.939,58.967,0.868,1.268,60.675,0.086,7.080,1.655,3.502
141.6,8.734,82.939,58.967,0.868,1.269,60.675,0.099,7.082,1.653,3.502
142.6,8.733,82.953,58.967,0.868,1.270,60.675,0.099,7.082,1.651,3.502
143.7,8.732,82.953,58.967,0.868,1.271,60.675,0.099,7.083,1.650,3.502
144.7,8.732,82.953,58.967,0.868,1.271,60.675,0.099,7.083,1.649,3.502
145.7,8.731,82.954,58.967,0.868,1.272,60.675,0.099,7.083,1.648,3.502
146.7,8.730,82.954,58.967,0.868,1.273,60.675,0.099,7.083,1.647,3.502
147.7,8.729,82.953,58.967,0.868,1.273,60.675,0.099,7.083,1.647,3.501
148.7,8.729,82.953,58.967,0.868,1.274,60.675,0.099,7.083,1.646,3.501
149.7,8.728,82.955,58.967,0.868,1.274,60.675,0.099,7.083,1.645,3.502
150.7,8.729,82.949,58.967,0.868,1.275,60.675,0.099,7.083,1.646,3.502
151.7,8.722,82.956,58.967,0.868,1.275,60.675,0.091,7.083,1.639,3.502
152.7,8.725,82.939,58.967,0.868,1.276,60.675,0.090,7.084,1.641,3.502
153.7,8.725,82.940,58.967,0.868,1.277,60.675,0.090,7.085,1.640,3.502
154.8,8.724,82.940,58.967,0.868,1.277,60.675,0.090,7.084,1.640,3.502
155.8,8.740,82.913,58.956,0.868,1.278,60.675,0.091,7.088,1.652,3.502
156.8,8.740,82.913,58.956,0.868,1.278,60.675,0.090,7.088,1.652,3.501
157.8,8.720,83.105,59.124,0.868,1.275,60.830,0.090,7.084,1.637,3.508
158.8,8.714,83.252,59.250,0.868,1.283,60.957,0.090,7.084,1.631,3.515
159.8,8.711,83.366,59.376,0.868,1.284,61.084,0.090,7.084,1.628,3.502
160.8,8.711,83.365,59.376,0.868,1.285,61.084,0.088,7.085,1.626,3.502
161.8,8.710,83.366,59.376,0.868,1.286,61.084,0.088,7.085,1.626,3.502
162.9,8.710,83.365,59.376,0.868,1.287,61.084,0.088,7.085,1.625,3.502
163.9,8.710,83.365,59.376,0.868,1.287,61.084,0.088,7.086,1.624,3.502
164.9,8.711,83.363,59.376,0.868,1.287,61.084,0.088,7.086,1.625,3.502
165.9,8.708,83.366,59.376,0.868,1.288,61.084,0.088,7.086,1.622,3.502
166.9,8.848,83.365,59.376,0.868,1.147,61.084,0.088,7.228,1.621,3.502
167.9,8.848,83.366,59.376,0.868,1.148,61.084,0.088,7.231,1.617,3.502
168.9,8.846,83.353,59.376,0.868,1.149,61.084,0.088,7.232,1.615,3.502
169.9,8.845,83.356,59.374,0.868,1.150,61.084,0.088,7.231,1.613,3.501
170.9,8.846,83.351,59.374,0.868,1.151,61.084,0.088,7.231,1.614,3.501
172.0,8.845,83.351,59.374,0.868,1.152,61.084,0.088,7.231,1.614,3.501
173.0,8.844,83.363,59.374,0.868,1.153,61.084,0.088,7.231,1.613,3.501
174.0,8.844,83.364,59.374,0.868,1.153,61.084,0.088,7.232,1.612,3.501
175.0,8.844,83.363,59.374,0.868,1.154,61.084,0.088,7.231,1.612,3.501
176.0,8.843,83.364,59.374,0.868,1.154,61.084,0.088,7.231,1.612,3.501
177.0,8.842,83.362,59.374,0.868,1.155,61.084,0.088,7.231,1.611,3.502
178.0,8.841,83.362,59.374,0.868,1.156,61.084,0.088,7.231,1.611,3.501
179.0,8.841,83.363,59.374,0.868,1.157,61.084,0.088,7.232,1.609,3.501
180.0,8.840,83.362,59.374,0.868,1.157,61.084,0.088,7.231,1.608,3.501
181.0,8.839,83.364,59.374,0.868,1.158,61.084,0.088,7.232,1.607,3.501
182.1,8.838,83.360,59.374,0.868,1.159,61.084,0.088,7.230,1.607,3.501
183.1,8.816,83.343,59.374,0.868,1.159,61.084,0.088,7.208,1.608,3.501
184.1,8.841,83.342,59.374,0.868,1.160,61.084,0.088,7.232,1.609,3.502
185.1,8.842,83.342,59.374,0.868,1.160,61.084,0.088,7.233,1.609,3.502
186.1,8.842,83.341,59.374,0.868,1.161,61.084,0.088,7.233,1.609,3.501
187.1,8.840,83.342,59.374,0.868,1.161,61.084,0.088,7.233,1.607,3.502
188.2,8.840,83.341,59.374,0.868,1.162,61.084,0.088,7.234,1.606,3.501
189.2,8.839,83.355,59.374,0.868,1.162,61.084,0.088,7.234,1.605,3.502
190.2,8.838,83.355,59.374,0.868,1.163,61.084,0.088,7.234,1.605,3.502
191.2,8.839,83.354,59.374,0.868,1.164,61.084,0.088,7.234,1.605,3.502
192.2,8.838,83.355,59.374,0.868,1.165,61.084,0.088,7.235,1.604,3.502
193.2,8.834,83.358,59.374,0.868,1.168,61.087,0.088,7.236,1.598,3.502
194.2,8.834,83.358,59.374,0.868,1.165,61.084,0.088,7.236,1.598,3.502
195.2,8.829,83.362,59.374,0.868,1.166,61.084,0.088,7.236,1.594,3.502
196.2,8.830,83.359,59.374,0.868,1.166,61.084,0.088,7.236,1.594,3.502
197.2,8.828,83.361,59.374,0.868,1.167,61.084,0.088,7.236,1.592,3.502
198.3,8.827,83.361,59.374,0.868,1.167,61.084,0.088,7.235,1.592,3.502
199.3,8.826,83.348,59.374,0.868,1.168,61.084,0.088,7.235,1.591,3.501
200.3,8.826,83.348,59.374,0.868,1.169,61.084,0.088,7.236,1.590,3.501
201.3,8.822,83.350,59.374,0.868,1.169,61.084,0.088,7.235,1.587,3.501
202.3,8.819,83.635,59.658,0.868,1.167,61.365,0.095,7.233,1.586,3.502
203.3,8.814,83.654,59.658,0.868,1.171,61.368,0.095,7.234,1.581,3.502
204.3,8.814,83.653,59.658,0.868,1.171,61.368,0.095,7.233,1.581,3.502
205.3,8.812,83.653,59.658,0.868,1.172,61.368,0.095,7.232,1.580,3.502
206.3,8.812,83.654,59.658,0.868,1.173,61.368,0.095,7.232,1.580,3.502
207.4,8.812,83.653,59.658,0.868,1.174,61.368,0.095,7.231,1.581,3.502
208.4,8.812,83.652,59.658,0.868,1.175,61.368,0.095,7.231,1.581,3.502
209.4,8.829,83.625,59.647,0.868,1.176,61.368,0.096,7.235,1.594,3.502
210.4,8.811,83.805,59.815,0.868,1.176,61.522,0.095,7.226,1.585,3.502
211.4,8.810,83.932,59.941,0.868,1.180,61.650,0.095,7.229,1.581,3.502
212.4,8.803,84.063,60.066,0.868,1.183,61.777,0.089,7.229,1.574,3.502
213.5,8.804,84.048,60.066,0.868,1.184,61.777,0.089,7.228,1.577,3.502
214.5,8.800,84.051,60.066,0.868,1.185,61.777,0.089,7.227,1.573,3.502
215.5,8.800,84.052,60.066,0.868,1.186,61.777,0.089,7.230,1.570,3.502
216.5,8.800,84.052,60.066,0.868,1.187,61.777,0.089,7.231,1.569,3.502
217.5,8.796,84.055,60.066,0.868,1.187,61.777,0.089,7.231,1.565,3.502
218.5,8.795,84.069,60.066,0.868,1.188,61.777,0.089,7.231,1.564,3.502
219.5,8.794,84.069,60.066,0.868,1.189,61.777,0.089,7.232,1.562,3.502
220.5,8.793,84.069,60.066,0.868,1.190,61.777,0.089,7.234,1.559,3.502
221.6,8.792,84.069,60.066,0.868,1.192,61.777,0.089,7.235,1.557,3.502
222.6,8.791,84.069,60.066,0.868,1.192,61.777,0.089,7.239,1.552,3.502
223.6,8.791,84.069,60.066,0.868,1.193,61.777,0.089,7.241,1.550,3.502
224.6,8.790,84.069,60.066,0.868,1.194,61.777,0.089,7.243,1.547,3.502
225.6,8.785,84.074,60.066,0.868,1.195,61.777,0.089,7.247,1.538,3.502
226.6,8.785,84.074,60.066,0.868,1.196,61.777,0.089,7.249,1.536,3.502
227.6,8.784,84.074,60.066,0.868,1.197,61.777,0.089,7.250,1.534,3.502
228.6,8.782,84.061,60.066,0.868,1.198,61.777,0.089,7.249,1.533,3.502
229.6,8.781,84.060,60.066,0.868,1.199,61.777,0.089,7.251,1.530,3.502
230.6,8.781,84.060,60.066,0.868,1.199,61.777,0.089,7.252,1.529,3.502
231.6,8.782,84.056,60.066,0.868,1.200,61.777,0.089,7.255,1.527,3.502
232.7,8.777,84.073,60.066,0.868,1.201,61.777,0.089,7.257,1.520,3.502
233.7,8.777,84.073,60.066,0.868,1.201,61.777,0.089,7.259,1.518,3.502
234.7,8.776,84.073,60.066,0.868,1.202,61.777,0.089,7.261,1.515,3.501
235.7,8.776,84.072,60.066,0.868,1.203,61.777,0.089,7.262,1.513,3.501
236.7,8.775,84.072,60.066,0.868,1.204,61.777,0.089,7.265,1.511,3.502
237.7,8.774,84.073,60.066,0.868,1.205,61.777,0.089,7.264,1.510,3.502
238.8,8.774,84.073,60.066,0.868,1.205,61.777,0.089,7.267,1.507,3.502
239.8,8.773,84.073,60.066,0.868,1.206,61.777,0.089,7.268,1.504,3.502
240.8,8.772,84.073,60.066,0.868,1.207,61.777,0.089,7.271,1.501,3.502
241.8,8.775,84.067,60.066,0.868,1.208,61.777,0.089,7.273,1.502,3.502
242.8,8.754,84.054,60.066,0.868,1.209,61.777,0.089,7.257,1.498,3.503
243.8,8.774,84.051,60.066,0.868,1.209,61.777,0.089,7.277,1.497,3.501
244.8,8.774,84.052,60.066,0.868,1.210,61.777,0.089,7.277,1.497,3.501
245.9,8.774,84.052,60.066,0.868,1.211,61.777,0.089,7.279,1.495,3.501
246.9,8.777,84.047,60.066,0.868,1.212,61.777,0.089,7.281,1.496,3.502
247.9,8.776,84.047,60.066,0.868,1.213,61.777,0.089,7.281,1.495,3.501
248.9,8.775,84.061,60.066,0.868,1.214,61.777,0.089,7.285,1.489,3.501
249.9,8.774,84.061,60.066,0.868,1.214,61.777,0.089,7.286,1.488,3.501
250.9,8.774,84.061,60.066,0.868,1.215,61.777,0.089,7.287,1.486,3.501
251.9,8.773,84.060,60.066,0.868,1.216,61.777,0.089,7.291,1.483,3.501
252.9,8.778,84.052,60.066,0.868,1.217,61.777,0.089,7.290,1.488,3.502
253.9,8.779,84.052,60.066,0.868,1.218,61.777,0.089,7.292,1.487,3.502
254.9,8.781,84.048,60.066,0.868,1.218,61.777,0.089,7.294,1.487,3.502
256.0,8.805,84.016,60.055,0.868,1.218,61.777,0.090,7.299,1.506,3.501
257.0,8.782,84.330,60.350,0.868,1.217,62.059,0.090,7.292,1.490,3.507
258.0,8.780,84.459,60.475,0.868,1.222,62.186,0.089,7.291,1.489,3.510
259.0,8.778,84.441,60.475,0.868,1.222,62.186,0.091,7.290,1.488,3.502
260.0,8.779,84.440,60.475,0.868,1.222,62.186,0.089,7.291,1.488,3.502
261.0,8.778,84.441,60.475,0.868,1.223,62.186,0.089,7.290,1.488,3.502
262.0,8.775,84.442,60.475,0.868,1.223,62.186,0.098,7.290,1.485,3.502
263.0,8.780,84.450,60.475,0.868,1.224,62.186,0.098,7.289,1.490,3.502
264.0,8.779,84.451,60.475,0.868,1.226,62.186,0.098,7.291,1.488,3.502
265.0,8.779,84.450,60.475,0.868,1.226,62.186,0.098,7.292,1.487,3.502
266.0,8.780,84.451,60.475,0.868,1.227,62.186,0.098,7.295,1.485,3.502
267.0,8.779,84.449,60.475,0.868,1.228,62.186,0.098,7.296,1.483,3.502
268.1,8.779,84.448,60.475,0.868,1.229,62.186,0.098,7.296,1.483,3.502
269.1,8.779,84.449,60.475,0.868,1.230,62.186,0.098,7.299,1.480,3.502
270.1,8.782,84.441,60.475,0.868,1.231,62.186,0.098,7.298,1.484,3.502
271.1,8.785,84.436,60.475,0.868,1.232,62.186,0.098,7.298,1.487,3.502
272.1,8.779,84.442,60.475,0.868,1.233,62.186,0.098,7.300,1.478,3.502
273.1,8.779,84.429,60.475,0.868,1.234,62.186,0.090,7.301,1.477,3.502
274.1,8.784,84.423,60.475,0.868,1.234,62.186,0.090,7.300,1.483,3.502
275.1,8.784,84.423,60.475,0.868,1.235,62.186,0.090,7.300,1.484,3.502
276.1,8.783,84.423,60.475,0.868,1.236,62.186,0.090,7.301,1.482,3.502
277.2,8.781,84.424,60.475,0.868,1.237,62.186,0.090,7.301,1.480,3.502
278.2,8.777,84.428,60.475,0.868,1.239,62.186,0.090,7.301,1.476,3.502
279.2,8.776,84.441,60.475,0.868,1.240,62.186,0.090,7.302,1.474,3.502
280.2,8.774,84.443,60.475,0.868,1.241,62.186,0.090,7.302,1.472,3.502
281.2,8.773,84.442,60.475,0.868,1.241,62.186,0.090,7.302,1.471,3.502
282.2,8.772,84.443,60.475,0.868,1.242,62.186,0.090,7.301,1.471,3.502
283.2,8.771,84.442,60.475,0.868,1.243,62.186,0.090,7.300,1.471,3.502
284.2,8.770,84.442,60.475,0.868,1.244,62.186,0.090,7.299,1.471,3.502
285.3,8.765,84.447,60.475,0.868,1.245,62.186,0.090,7.298,1.467,3.502
286.3,8.762,84.449,60.475,0.868,1.246,62.186,0.090,7.297,1.464,3.501
287.3,8.761,84.449,60.475,0.868,1.247,62.186,0.090,7.298,1.463,3.502
288.3,8.765,84.446,60.475,0.868,1.247,62.186,0.089,7.299,1.466,3.502
289.3,8.752,84.601,60.601,0.868,1.251,62.343,0.089,7.293,1.459,3.512
290.3,8.756,84.718,60.727,0.868,1.252,62.470,0.089,7.293,1.463,3.502
291.3,8.757,84.719,60.727,0.868,1.252,62.470,0.089,7.293,1.463,3.502
292.3,8.763,84.709,60.727,0.868,1.252,62.467,0.089,7.293,1.470,3.502
293.3,8.762,84.723,60.727,0.868,1.252,62.466,0.089,7.293,1.469,3.502
294.4,8.762,84.722,60.727,0.868,1.252,62.466,0.089,7.293,1.469,3.502
295.4,8.761,84.723,60.727,0.868,1.253,62.466,0.089,7.293,1.469,3.502
296.4,8.761,84.723,60.727,0.868,1.254,62.466,0.089,7.293,1.468,3.502
297.4,8.760,84.723,60.727,0.868,1.255,62.466,0.089,7.293,1.467,3.503
298.4,8.758,84.722,60.727,0.868,1.256,62.466,0.089,7.292,1.466,3.503
299.4,8.758,84.722,60.727,0.868,1.257,62.466,0.089,7.291,1.466,3.502
300.4,8.756,84.722,60.727,0.868,1.258,62.466,0.089,7.290,1.466,3.502
301.5,8.752,84.725,60.727,0.868,1.259,62.466,0.089,7.289,1.463,3.502
302.5,8.736,84.722,60.727,0.868,1.259,62.466,0.089,7.272,1.465,3.502
303.5,8.720,84.710,60.727,0.868,1.259,62.466,0.089,7.257,1.462,3.504
304.5,8.747,84.715,60.727,0.868,1.260,62.466,0.089,7.287,1.460,3.503
305.5,8.748,84.714,60.727,0.868,1.261,62.466,0.089,7.288,1.460,3.503
306.5,8.748,84.714,60.727,0.868,1.261,62.466,0.089,7.288,1.460,3.502
307.5,8.744,84.718,60.727,0.868,1.262,62.466,0.089,7.288,1.456,3.502
308.5,8.742,84.733,60.727,0.868,1.262,62.466,0.089,7.287,1.455,3.502
309.5,8.742,84.733,60.727,0.868,1.263,62.466,0.089,7.287,1.455,3.503
310.5,8.736,84.891,60.884,0.868,1.261,62.621,0.089,7.284,1.452,3.504
311.6,8.731,85.028,61.010,0.868,1.267,62.748,0.089,7.279,1.452,3.515
312.6,8.733,85.144,61.136,0.868,1.268,62.875,0.089,7.281,1.452,3.502
313.6,8.733,85.144,61.136,0.868,1.269,62.875,0.089,7.281,1.452,3.502
314.6,8.734,85.143,61.136,0.868,1.270,62.875,0.089,7.283,1.451,3.503
315.6,8.729,85.147,61.136,0.868,1.270,62.875,0.089,7.282,1.447,3.502
316.6,8.727,85.149,61.136,0.868,1.271,62.875,0.089,7.282,1.446,3.502
317.6,8.727,85.149,61.136,0.868,1.271,62.875,0.089,7.282,1.445,3.503
318.6,8.723,85.141,61.136,0.868,1.271,62.875,0.089,7.280,1.444,3.503
319.7,8.723,85.141,61.136,0.868,1.272,62.875,0.089,7.279,1.444,3.502
320.7,8.723,85.141,61.136,0.868,1.272,62.875,0.089,7.279,1.444,3.502
321.7,8.614,85.284,61.136,0.868,1.273,62.875,0.093,7.245,1.368,3.509
322.7,8.656,85.226,61.136,0.868,1.273,62.875,0.091,7.265,1.391,3.507
323.7,8.595,85.330,61.136,0.868,1.274,62.875,0.091,7.245,1.350,3.506
324.7,8.521,85.422,61.136,0.868,1.274,62.875,0.090,7.220,1.302,3.506
325.7,8.509,85.441,61.136,0.868,1.275,62.875,0.090,7.216,1.293,3.506
326.8,8.562,85.423,61.136,0.868,1.275,62.875,0.090,7.246,1.315,3.506
327.8,8.583,85.302,61.136,0.868,1.276,62.875,0.088,7.246,1.337,3.506
328.8,8.554,85.384,61.147,0.868,1.277,62.875,0.083,7.236,1.318,3.506
329.8,8.416,85.746,61.175,0.870,1.277,62.875,0.082,7.206,1.210,3.506
330.8,8.346,85.853,61.175,0.870,1.278,62.875,0.081,7.207,1.140,3.508
331.8,8.387,85.737,61.173,0.870,1.279,62.875,0.079,7.208,1.179,3.508
332.9,8.405,85.734,61.171,0.870,1.279,62.875,0.079,7.217,1.187,3.507
333.9,8.369,85.801,61.171,0.870,1.280,62.875,0.074,7.211,1.159,3.506
334.9,8.380,85.766,61.157,0.870,1.280,62.875,0.074,7.212,1.168,3.505
335.9,8.297,85.926,61.156,0.870,1.281,62.875,0.074,7.181,1.115,3.505
336.9,8.265,85.968,61.156,0.870,1.281,62.875,0.074,7.166,1.099,3.505
337.9,8.239,85.979,61.156,0.870,1.282,62.875,0.074,7.163,1.076,3.506
338.9,8.403,85.742,61.156,0.870,1.282,62.875,0.076,7.221,1.182,3.505
339.9,8.255,85.879,61.156,0.870,1.282,62.875,0.074,7.185,1.070,3.506
340.9,8.333,85.828,61.158,0.870,1.283,62.875,0.074,7.223,1.110,3.504
342.0,8.318,85.857,61.183,0.870,1.285,62.878,0.074,7.225,1.093,3.503
343.0,8.316,85.859,61.173,0.870,1.284,62.875,0.074,7.225,1.092,3.503
344.0,8.252,85.910,61.173,0.870,1.285,62.875,0.074,7.209,1.043,3.506
345.0,8.219,85.906,61.173,0.870,1.286,62.875,0.074,7.187,1.031,3.504
346.0,8.144,86.108,61.198,0.870,1.286,62.875,0.074,7.195,0.948,3.506
347.0,8.111,86.145,61.152,0.870,1.286,62.875,0.075,7.183,0.928,3.505
348.0,8.271,85.904,61.152,0.870,1.287,62.875,0.075,7.237,1.034,3.504
349.0,8.273,85.891,61.152,0.870,1.288,62.875,0.088,7.239,1.034,3.503
350.0,8.198,85.934,61.152,0.870,1.288,62.875,0.074,7.240,0.958,3.503
351.1,8.261,85.854,61.152,0.870,1.289,62.875,0.074,7.227,1.034,3.503
352.1,8.279,85.828,61.129,0.870,1.289,62.878,0.074,7.231,1.049,3.503
353.1,8.285,85.826,61.129,0.870,1.290,62.875,0.074,7.238,1.047,3.503
354.1,8.285,85.825,61.129,0.870,1.291,62.875,0.074,7.239,1.046,3.503
355.1,8.288,85.800,61.129,0.870,1.292,62.875,0.074,7.241,1.047,3.503
356.1,8.288,85.800,61.129,0.870,1.292,62.875,0.074,7.243,1.044,3.503
357.1,8.270,85.824,61.129,0.870,1.293,62.875,0.088,7.244,1.025,3.503
358.1,8.268,85.805,61.129,0.870,1.294,62.875,0.074,7.236,1.032,3.503
359.1,8.333,85.802,61.129,0.870,1.294,62.875,0.073,7.236,1.098,3.503
360.2,8.336,85.799,61.129,0.870,1.294,62.875,0.073,7.240,1.095,3.503
361.2,8.337,85.798,61.129,0.870,1.294,62.875,0.073,7.242,1.096,3.503
362.2,8.334,85.797,61.129,0.870,1.295,62.875,0.073,7.238,1.096,3.503
363.2,8.317,85.783,61.129,0.870,1.295,62.875,0.075,7.213,1.105,3.505
364.2,8.348,85.782,61.129,0.870,1.296,62.875,0.075,7.243,1.105,3.503
